2021-05-11 14:40:51,Mix 3,jvy1oma14ad8oxn@youtv-automation.dk
2021-05-11 14:45:49,Mix 3,ih3wm4gsjonhfjd@youtv-automation.dk
2021-05-11 15:03:57,Mix 3,x3sv75q9seoidg7@youtv-automation.dk
2021-05-11 15:04:46,Mix 3,30yifp4kzymrajb@youtv-automation.dk
2021-05-11 15:19:49,Mix 3,qnld166slfh7ktr@youtv-automation.dk
2021-05-11 15:26:18,Mix 3,ikq266ij49fxis6@youtv-automation.dk
2021-05-12 08:54:35,Mix 3,gm0n04jianarp4o@youtv-automation.dk
2021-05-12 10:25:49,Mix 3,1dnokcc6dz7r7ci@youtv-automation.dk
2021-05-12 10:26:26,Mix 10,xanvca8lahf2k4t@youtv-automation.dk
2021-05-12 10:27:03,Mix 20,ihqpi5zqznkch4t@youtv-automation.dk
2021-05-12 10:27:42,Mix 30,hxtqtjnyn218thr@youtv-automation.dk
2021-05-12 10:32:52,Mix 3,1xxwb8ukq7l2uoh@youtv-automation.dk
2021-05-12 10:34:01,Mix 3,ky5nkv0qoybx032@youtv-automation.dk
2021-05-12 10:34:39,Mix 10,ding4dzup0b85aa@youtv-automation.dk
2021-05-12 10:35:16,Mix 20,vee8tapzgt7jxy3@youtv-automation.dk
2021-05-12 10:38:35,Mix 3,ee7ykzavt9zb6yy@youtv-automation.dk
2021-05-12 11:30:15,Mix 3,8qh9kxi6ewyl0dw@youtv-automation.dk
2021-05-12 11:30:54,Mix 10,02609twp0yqyruy@youtv-automation.dk
2021-05-12 11:31:33,Mix 20,blpsa6u4qmmz7id@youtv-automation.dk
2021-05-12 11:33:38,Mix 3,4vbpu8l485p2mdb@youtv-automation.dk
2021-05-12 11:34:16,Mix 10,dih5i7v3e94bh3v@youtv-automation.dk
2021-05-12 11:34:53,Mix 20,f4ggzqzmvfo9n0t@youtv-automation.dk
2021-05-12 11:35:31,Mix 30,kkz7i330lfiirgc@youtv-automation.dk
2021-05-12 12:27:04,Mix 3,ugksyr6ke4c7c0r@youtv-automation.dk
2021-05-12 12:27:41,Mix 10,1xv9tqg0or0w603@youtv-automation.dk
2021-05-12 12:28:18,Mix 20,4cwg711rxat2bji@youtv-automation.dk
2021-05-12 12:28:56,Mix 30,343k4z9whdsz5xi@youtv-automation.dk
2021-05-12 12:31:19,Mix 3,dugxxomz8q2a8cc@youtv-automation.dk
2021-05-12 12:36:32,Mix 3,6gwlt52n2b65siu@youtv-automation.dk
